XX,XX,
E,ELEC,
M,AW,
M,AWD,
M,AWH,
M,AWV,
M,BSW,
M,CCW,
M,CMW,
M,CSW-WE,
M,DMW,
M,EV,
M,EXAM,
M,EXGF,
M,EXGF-VDF,
M,EXH,
M,EXHE,
M,EXSC,
M,EXSM,
M,EXSP,
M,EXVO,
M,GSW-WE,
M,H2 Vent,
M,H2SO4W,
M,HFW,
M,HFW Squeeze Pump Return,
M,HFW Squeeze Pump Supply,
M,HOV,
M,HVA,
M,Mixed Solvent Drain,
M,NH4W,
M,O2 Vent,
M,PV,
M,PVent,
M,PVent,
M,RAW,
M,SCW,
M,SOG-SW,
M,SR-CSW,
M,SV,
M,SW,
M,TFW,
M,TMXW,
M,UPRCL,
M,V,
M,VAC,
M,WH3PO4,
M,SA,***Needs Confirming
M,INTERCONNECT LIQUID,***Needs Confirming
M,INTERCONNECT,***Needs Confirming
M,HV,***Needs Confirming
M,MUA,***Needs Confirming
M,SENSOR SUPPLY,***Needs Confirming
M,SENSOR EXHAUST,***Needs Confirming
M,SENSOR,***Needs Confirming
M,PVENT,***Needs Confirming
M,PURGELVP,***Needs Confirming
M,SRCSW,***Needs Confirming
M,ARHV,***Needs Confirming
M,CSW,***Needs Confirming
M,EXGF-VDF,***Needs Confirming
M,EXGF-VDF-DED,***Needs Confirming
M,HV,***Needs Confirming
M,Interconnect Exhaust,***Needs Confirming
M,INTERCONNECT LIQUID,***Needs Confirming
M,Interconnect Liquid,***Needs Confirming
M,MUA,***Needs Confirming
M,RA,***Needs Confirming
M,SA,***Needs Confirming
M,FBR,***Needs Confirming
M,FP,***Needs Confirming
M,MDA,***Needs Confirming
M,NO SYSTEM,***Needs Confirming
M,RZR,***Needs Confirming
M,SENSOR RETURN,***Needs Confirming
M,TACKR,***Needs Confirming
M,TEEKR,***Needs Confirming
M,TELLR,***Needs Confirming
M,TENDR,***Needs Confirming
M,TREKR,***Needs Confirming
M,TRIPR,***Needs Confirming
M,TUNER,***Needs Confirming
M,VCR,***Needs Confirming
P,(NH4)S2O8,
P,(SiH3)3N,
P,<25% NaHSO3,
P,0.14%F2/Ar/Xe/Ne,
P,0.52%N2/He,
P,1%F2/1.2%Kr/Ne,
P,1%F2/3.5%Ar/Ne,
P,1%GeH4/H2,
P,1.2%Kr/Ne,
P,10% He/O2,
P,10% KOH,
P,20% He/Ar,
P,20%F2/N2,
P,25%TMAH,
P,29% NH4OH,
P,3%B2H6/H2,
P,3.5%Ar/0.001%Xe/Ne,
P,37%HCl,
P,4%CH4/Ar,
P,49%HF,
P,4MS,
P,5% H2/Ar,
P,5% H2/He,
P,5% H2/N2,
P,5%B2H6/N2,
P,57%H2SO4,
P,70% HNO3,
P,70% MSA,
P,77%H2SO4,
P,80%H3PO4,
P,96%H2SO4,
P,ABF,
P,ABP,
P,AIDA 01,
P,AKR,
P,AKRAWR,
P,AKRAWS,
P,AKS,
P,Ar,
P,Atomised Air,
P,BA,
P,BCl3,
P,BCWR,
P,BCWS,
P,Bearing Air,
P,BECA,
P,BELLA 02,
P,BF,
P,BF3,
P,BHD,
P,BLU21ELM,
P,BROF,
P,BT900,
P,BTBAS,
P,C2F6,
P,C3F8,
P,C3H6,
P,C4F6,
P,C4F8,
P,C4F8O,
P,CAr,
P,CCl2F2,
P,CD,
P,CF4,
P,CGRR,
P,CGRRAWR,
P,CGRRAWS,
P,CGRS,
P,CH2F2,
P,CH3Cl,
P,CH3F,
P,CH4,
P,CHF3,
P,CHR,
P,CHRAWR,
P,CHRAWS,
P,CHS,
P,CHWR,
P,CHWS,
P,CJR,
P,CJRAWR,
P,CJRAWS,
P,CJS,
P,Cl2,
P,CLCR,
P,CLCS,
P,CLK222,
P,CLK820,
P,CLK888,
P,CLND,
P,CLNF,
P,CO,
P,CO,
P,CO2,
P,COS,
P,CPCWR,
P,CPCWR64,
P,CPCWS,
P,CPCWS64,
P,CuNCVMS,
P,Cu-SAND,
P,CW,
P,CWD,
P,CWR,
P,CWS,
P,CW-SSH,
P,DEHA,
P,DHF,
P,DMDMOS,
P,DSSR,
P,DSSRAWR,
P,DSSRAWS,
P,DSSS,
P,EG,
P,EL,
P,FN2,
P,FUN2,
P,FW,
P,GCHWR,
P,GCHWS,
P,GCR,
P,GCRH,
P,GGFS,
P,GPN2,
P,GS470,
P,GTMF,
P,H2,
P,HA,
P,HBr,
P,HCl,
P,HDD,
P,He,
P,HeCryoR,
P,HeCryoS,
P,HF,
P,HMDS,
P,HPAr,
P,HPH2,
P,HPHe,
P,HPLC,
P,HPLCCorr,
P,HPLCFlam,
P,HPLCPyro,
P,HPN2,
P,HPO2,
P,HPOFA,
P,HPXELM,
P,HRWR,
P,HRWS,
P,HUPWR,
P,HUPWS,
P,HWR,
P,HWS,
P,HXF,
P,HXP,
P,IA,
P,ICW,
P,IPA,
P,IW,
P,IWS,
P,IWUPW (Blend),
P,IXF,
P,IXP,
P,JSR,
P,JSRAWR,
P,JSRAWS,
P,JSS,
P,KORD,
P,LCHe,
P,LCP Oxide Etch,
P,LN2,
P,LNDBA,
P,LNR,
P,LPO2,
P,LPS,
P,LPSV,
P,LUPWR,
P,LUPWS,
P,MBF,
P,MBP,
P,MD66,
P,MHR100,
P,MMB,
P,MMF,
P,MMP,
P,MXR,
P,MXRAWR,
P,MXRAWS,
P,MXS,
P,N2,
P,N2O,
P,Nalco 2513,
P,Nalco 3434,
P,Nalco 73500,
P,Nalco 77352,
P,Nalco 8539,
P,Nalco 93033,
P,Nalco Stabrex ST40,
P,Nalco TRAC105A,
P,Nalco TRAC105B,
P,NaOH,
P,NF3,
P,NG,
P,NH3,
P,NMD3,
P,NMP,
P,NO,
P,O2,
P,O3,
P,O3,
P,OFA,
P,PA,
P,PAr/He,
P,PArCorr,
P,PArFlam/Tox,
P,PArLPF,
P,PArLVP,
P,PArNH3,
P,PArPyro,
P,PASS,
P,PCAr,
P,PCWR,
P,PCWS,
P,PDIF,
P,PDIR,
P,PDIS,
P,PENELOPE 01,
P,PGMEA,
P,PGMEther,
P,PH2,
P,PH3,
P,PH3SDS,
P,PHe,
P,POS,
P,PRS3000,
P,PTR,
P,PTRAWR,
P,PTRAWS,
P,PTS,
P,RAKR,
P,RAKRAWR,
P,RAKRAWS,
P,RAKS,
P,REDUC,
P,Return Air,
P,RFTR,
P,RFTRAWR,
P,RFTRAWS,
P,RFTS,
P,ROF,
P,ROP,
P,ROPR,
P,ROR,
P,RORCL,
P,RW,
P,SCHWR,
P,SCHWS,
P,SF6,
P,SGCHWR,
P,SGCHWS,
P,SHPOFA,
P,SHRWR,
P,SHRWS,
P,SHWR,
P,SHWS,
P,Si2H6,
P,SiCl4,
P,SiF4,
P,SiH2Cl2,
P,SiH4,
P,SIW,
P,SO2,
P,SPROF,
P,SPROR,
P,SR03,
P,SSC00D,
P,SSC00F,
P,Stab30%H2O2,
P,Supply Air,
P,SWS,
P,TCHWR,
P,TCHWS,
P,TDMAT,
P,TEOS,
P,TER,
P,TERAWR,
P,TERAWS,
P,TES,
P,THSD,
P,THSF,
P,TIPS,
P,TIW,
P,TMB,
P,TMPi,
P,TMR,
P,TMRAWR,
P,TMRAWS,
P,TMS,
P,UFFEED,
P,UFP,
P,UFPERM,
P,UFR,
P,UFRINSE,
P,UN2,
P,Unstab30%H2O2,
P,UPRCL,
P,UPWR,
P,UPWS,
P,URW,
P,URWF,
P,VN2,
P,WAC2F,
P,WACF,
P,WACP,
P,WACR,
P,WF6,
P,WV,
P,XCDA,
P,Xe,
P,SIH4,***Needs Confirming
P,LCHE,***Needs Confirming
P,FP,***Needs Confirming
P,***,***Needs Confirming
P,***R,***Needs Confirming
P,1.2%He/N2,***Needs Confirming
P,100% HF,***Needs Confirming
P,3.5%Ar/.001%Xe/Ne,***Needs Confirming
P,5%H2/N2,***Needs Confirming
P,70%HNO3,***Needs Confirming
P,ACORN,***Needs Confirming
P,ALPHA402,***Needs Confirming
P,ATOMIZED AIR,***Needs Confirming
P,C2H2,***Needs Confirming
P,CELLY,***Needs Confirming
P,CHEM INTERCONNECT,***Needs Confirming
P,Chem Interconnect,***Needs Confirming
P,CHET,***Needs Confirming
P,ClF3,***Needs Confirming
P,COOLD,***Needs Confirming
P,DOAW,***Needs Confirming
P,DRAIN INTERCONNECT,***Needs Confirming
P,Drain Interconnect,***Needs Confirming
P,FBS,***Needs Confirming
P,FCS,***Needs Confirming
P,GAS INTERCONNECT,***Needs Confirming
P,HeCryo,***Needs Confirming
P,HRACLS,***Needs Confirming
P,INTERCONNECT EXHAUST,***Needs Confirming
P,INTERCONNECT GAS,***Needs Confirming
P,Interconnect Gas,***Needs Confirming
P,Interconnect Vacuum,***Needs Confirming
P,JAVA,***Needs Confirming
P,KBR,***Needs Confirming
P,KBS,***Needs Confirming
P,KGD,***Needs Confirming
P,LCO2,***Needs Confirming
P,LCP,***Needs Confirming
P,LVP Purge,***Needs Confirming
P,NH3 (LP),***Needs Confirming
P,No System,***Needs Confirming
P,NO UTILITY,***Needs Confirming
P,No Utility,***Needs Confirming
P,OPHELIA,***Needs Confirming
P,OSS,***Needs Confirming
P,RRR,***Needs Confirming
P,RRS,***Needs Confirming
P,RZS,***Needs Confirming
P,SADW,***Needs Confirming
P,SENSOR,***Needs Confirming
P,SENSOR EXHAUST,***Needs Confirming
P,SENSOR SUPPLY,***Needs Confirming
P,SiH2Cl2(Bulk),***Needs Confirming
P,SLW,***Needs Confirming
P,SMT,***Needs Confirming
P,SSS,***Needs Confirming
P,TACKS,***Needs Confirming
P,TEEKS,***Needs Confirming
P,TELLS,***Needs Confirming
P,TENDS,***Needs Confirming
P,TiCl4,***Needs Confirming
P,TREKS,***Needs Confirming
P,TRIPS,***Needs Confirming
P,TUNES,***Needs Confirming
P,VCS,***Needs Confirming
P,YARROW,***Needs Confirming
P,BLU21,***Needs Confirming
P,29%NH4OH,***Needs Confirming
P,HPH2 (HC),***Needs Confirming
P,2%H2/Ar,***Needs Confirming
P,ALCPCWR,***Needs Confirming
P,ALCPCWS,***Needs Confirming
